{
  "generated_at": "2026-06-27T06:13:42.885860+00:00",
  "fixture": null,
  "live_mcp": [
    {
      "config": "hashing",
      "embedder": "hashing",
      "embedding_model": null,
      "reranker": null,
      "metrics": {
        "hit_rate": 0.7857142857142857,
        "top_1_accuracy": 0.4642857142857143,
        "mrr": 0.6011904761904762,
        "mean_context_saved": 0.6303110728860982
      },
      "nontrivial_metrics": {
        "hit_rate": 0.7692307692307693,
        "top_1_accuracy": 0.4230769230769231,
        "mrr": 0.5705128205128205,
        "mean_context_saved": 0.6787965400311827
      },
      "task_count": 28,
      "nontrivial_task_count": 26
    },
    {
      "config": "sentence-transformers (all-MiniLM-L6-v2)",
      "embedder": "sentence-transformers",
      "embedding_model": "all-MiniLM-L6-v2",
      "reranker": null,
      "metrics": {
        "hit_rate": 0.8214285714285714,
        "top_1_accuracy": 0.6071428571428571,
        "mrr": 0.6964285714285714,
        "mean_context_saved": 0.6395344325606861
      },
      "nontrivial_metrics": {
        "hit_rate": 0.8076923076923077,
        "top_1_accuracy": 0.5769230769230769,
        "mrr": 0.6730769230769231,
        "mean_context_saved": 0.688729388911508
      },
      "task_count": 28,
      "nontrivial_task_count": 26
    },
    {
      "config": "hashing + cross-encoder",
      "embedder": "hashing",
      "embedding_model": null,
      "reranker": "cross-encoder",
      "metrics": {
        "hit_rate": 0.8571428571428571,
        "top_1_accuracy": 0.75,
        "mrr": 0.7916666666666667,
        "mean_context_saved": 0.6552905328757916
      },
      "nontrivial_metrics": {
        "hit_rate": 0.8461538461538461,
        "top_1_accuracy": 0.7307692307692307,
        "mrr": 0.7756410256410257,
        "mean_context_saved": 0.7056974969431603
      },
      "task_count": 28,
      "nontrivial_task_count": 26
    },
    {
      "config": "sentence-transformers + cross-encoder",
      "embedder": "sentence-transformers",
      "embedding_model": "all-MiniLM-L6-v2",
      "reranker": "cross-encoder",
      "metrics": {
        "hit_rate": 0.8571428571428571,
        "top_1_accuracy": 0.75,
        "mrr": 0.7916666666666667,
        "mean_context_saved": 0.6531132074426752
      },
      "nontrivial_metrics": {
        "hit_rate": 0.8461538461538461,
        "top_1_accuracy": 0.7307692307692307,
        "mrr": 0.7756410256410257,
        "mean_context_saved": 0.7033526849382656
      },
      "task_count": 28,
      "nontrivial_task_count": 26
    }
  ]
}
